{
    "face_distance": {
        "elements": 31,
        "max": 1.3237395224251096,
        "mean": 0.7180302941810214,
        "min": 0.4841461110960101,
        "stddev": 0.04794568896935904,
        "unit": "m"
    },
    "hand_distance": {
        "elements": 32,
        "max": 0.9631423814284396,
        "mean": 0.5405540194273974,
        "min": 0.2608559316168967,
        "stddev": 0.013297276198059248,
        "unit": "m"
    },
    "hand_speed": {
        "elements": 34,
        "max": 0.05759532947367541,
        "mean": 0.03395837347286931,
        "min": 0.009321133017514307,
        "stddev": 9.618834389103431E-5,
        "unit": "m/s"
    },
    "number of posts": {
        "elements": 34,
        "max": 293,
        "mean": 59.029411764705884,
        "min": 1,
        "stddev": 2696.029411764705
    },
    "presence": {
        "elements": 34,
        "max": 99.43176451475183,
        "mean": 84.50514130259842,
        "min": 39.29202618027164,
        "stddev": 242.16838909679825,
        "unit": "%"
    },
    "time_looking": {
        "elements": 32,
        "max": 92.47213960176289,
        "mean": 59.56357289265951,
        "min": 20.78386027465673,
        "stddev": 387.46598930387097,
        "unit": "%"
    }
}